id,name,dose,frequency,startDate,endDate
MNua54UNRneQEnseJrzV3Umuzxdg5qZH,Ramipril,5,TID,2023-06-28T09:50:18.579Z,2023-04-09T07:42:51.782Z
MvhnX7nO7BqjiyJucDULGSHqqsganPgN,Lisinopril,15,BID,2023-06-09T20:53:07.492Z,2023-09-04T12:35:35.989Z
Q244Rjyp4b5YYLMRyQ8NCMKxyjYXMpf2,Lisinopril,35,TID,2023-11-23T10:32:23.521Z,2023-01-16T15:44:49.816Z
iXYo31Ur9ixGtCXHqiGLc8lombhTzCfz,Enalapril,5,BID,2023-01-01T00:45:08.385Z,2023-10-21T07:41:37.231Z
YNdGJdH8Rus8XN24fXSjjJ4SzvgfoBj7,Ramipril,20,QD,2023-08-31T05:39:04.225Z,2023-08-10T17:07:54.983Z
4c9YHxpNxS1bn1cbKlOHfxBcbFCZLI54,Lisinopril,5,QD,2023-12-13T10:06:14.077Z,2023-03-14T09:12:56.596Z
d773bsHmNC5om5SrqOQIOMDaeLJXIQ1Y,Lisinopril,5,QD,2023-10-18T11:27:46.657Z,2023-03-08T13:34:35.717Z
SUtFOYBJ5k3Mb8PquNoO4AEPn52AzoNO,Lisinopril,5,QD,2023-08-07T07:27:28.239Z,2023-06-16T13:50:32.939Z
9GqkP6qq7zQcCREzbGfFcEb9UVUXT5pg,Lisinopril,10,QD,2023-01-31T21:22:16.534Z,2023-09-21T13:46:47.702Z
Prn5pamrySt902icPOO0B7sobyUXYGHr,Ramipril,20,QD,2023-04-21T12:01:27.201Z,2023-12-22T23:19:15.923Z
F3SNnH6kEKUqAYmFIM2XpALukgxoR6Mr,Ramipril,15,QD,2023-06-15T15:13:03.946Z,2023-05-18T11:02:24.296Z
4gEfDKBkMYH8L7htQ91cpXDVKB6DPT58,Lisinopril,10,TID,2023-02-07T17:31:15.952Z,2023-10-23T21:30:11.421Z
imb2zKbYgA62KiaNJG6fKCLVDmLAcsvI,Enalapril,20,QD,2023-02-22T00:03:29.731Z,2023-10-08T03:50:44.908Z
lKhGMvuzcQaeKFm9OOxyx1Hu4BHKQSGy,Ramipril,10,BID,2023-05-17T13:26:18.667Z,2023-10-07T22:31:45.666Z
6629ZNfqU9lLN1TD7uExgm3JX2hdNek6,Enalapril,30,BID,2023-04-20T04:38:33.011Z,2023-11-01T01:15:05.514Z
JmgBHCXARIh6scj9mqFoddlhgMX5MtXk,Enalapril,10,QD,2023-07-04T18:13:26.688Z,2023-04-13T10:24:49.555Z
LzjtBnyAjIimxKoCAgvApgNaAtp5dj73,Lisinopril,15,BID,2023-02-17T22:16:12.035Z,2024-01-09T16:50:35.722Z
zN4rCTixnQ7dIglUGpuRKgN47Pm08M8f,Ramipril,15,BID,2023-02-02T10:22:09.165Z,2023-11-12T11:56:37.563Z
EvGZkUF6LCyEhIJ9vTRIx2lZMbZcitvo,Lisinopril,10,BID,2023-04-25T11:51:23.329Z,2023-05-24T12:47:08.442Z
13gnON0LdITvxCg0kvbpQvgRj6rAVNJA,Ramipril,20,TID,2023-03-05T07:58:11.073Z,2023-07-07T06:24:54.709Z
Y70IJA598kFUqD8scPJVPOTkSXYqiFlC,Enalapril,5,TID,2023-06-02T16:58:43.726Z,2023-07-05T23:21:11.857Z
HJI1IbDYrOln0KLhat0IZC5B7htZrMqy,Enalapril,10,QD,2023-03-20T14:59:10.865Z,2023-02-02T02:56:30.215Z
52MmMQ6JATmHIFZtV4UPr8GElX0mJAiO,Ramipril,5,BID,2023-02-14T18:56:51.185Z,2023-02-17T23:28:14.672Z
Z20G6YK0fbKCicc6OfUDoildD0JTcJbA,Enalapril,5,QD,2023-05-28T00:41:29.521Z,2023-11-13T17:45:45.587Z
oXSbCAtfg4xiMO8xcxHup7OZpQp2JXpB,Enalapril,20,QD,2023-12-23T21:39:15.512Z,2023-07-04T22:53:54.253Z
YOu3Fzh4pUSjvT4n1EBmzUkcphk4BBjb,Enalapril,15,TID,2023-06-16T06:33:19.917Z,2023-02-15T22:40:33.249Z
3TFL5XH2G5Iaks4pfMZsMxVZd8qmMe5A,Ramipril,5,TID,2023-08-01T19:06:38.070Z,2023-03-02T15:32:12.436Z
uZvyaxbBv0TVvTs6sr3q7cB6Gfj16vDH,Enalapril,20,BID,2023-09-03T00:39:24.957Z,2023-06-20T18:16:34.041Z
FLfmtoCSaBdBXVFeDNCqvzHMVJDa0fdR,Lisinopril,15,BID,2023-06-28T19:18:01.729Z,2023-09-18T03:34:36.703Z
biMFpu2gZIyH7EbBbSpfMGTmulMdQc3n,Ramipril,20,QD,2023-11-23T09:10:52.553Z,2023-08-07T20:08:28.361Z
7hGAXoxyA9oAhi35zJH3LmzM5Zsxe8ZR,Lisinopril,20,TID,2023-12-04T11:33:33.466Z,2023-07-03T21:29:19.804Z
KNmlD5151k9h2XXVaGIpOr2v7K57ZcX6,Enalapril,15,BID,2023-04-05T08:05:20.596Z,2023-08-24T23:18:10.059Z
2jU0IdKaOu1Koq2Ec4PbFKzKLm7jZ39G,Enalapril,25,QD,2023-08-18T01:01:06.094Z,2023-08-11T03:24:55.153Z
6ps5lVD9Tv6iHiQPkTSdrjEnbPMtfHRs,Ramipril,15,QD,2023-09-13T08:06:46.598Z,2023-12-07T09:15:30.233Z
TIyhL1AutRxvUifxIsi4AVSKB7Q37CV9,Lisinopril,40,BID,2023-05-04T16:23:37.122Z,2023-08-23T02:32:26.726Z
cJVd7AM1KPhoVjqqpDxIOFFgo6v6hqeq,Lisinopril,20,BID,2023-05-29T22:11:55.320Z,2024-01-06T20:54:56.033Z
0DXKvphyBxDMjnvGRrqVI79Q935H9DtN,Enalapril,5,QD,2023-09-17T06:11:00.136Z,2023-04-25T05:02:43.881Z
ipxlR7qP0Z4xP5QxCI7lqzANHjqOfU5C,Ramipril,20,QD,2023-02-15T18:37:11.173Z,2023-04-29T12:31:43.400Z
PYCKFXD27Z7p4Lp6hQxFzVbYiZjfnIyx,Lisinopril,30,QD,2023-08-25T02:57:14.052Z,2023-12-27T22:55:18.775Z
PM7RolEEn9Od926650n2oog4351Mc71A,Lisinopril,10,BID,2023-09-25T17:10:56.191Z,2023-05-19T01:01:51.947Z
DccB6rRFirS2LxzJqMjJ9oDroKs9PQpN,Lisinopril,10,TID,2023-05-21T17:19:29.436Z,2023-10-13T15:33:42.485Z
on3I6I7EU3vnSm17B4L1ZVe0uiN8MQsn,Lisinopril,30,QD,2023-04-29T22:45:50.535Z,2023-11-02T05:09:13.242Z
YDfA7uePiBk0sK1t8tsZRHQ6IEcORGt5,Ramipril,5,BID,2023-04-10T16:01:03.773Z,2023-12-24T21:24:05.862Z
qyiUdbZRHD4JFNUXezNPPeQ9aVtvG64C,Ramipril,5,TID,2023-12-14T07:33:07.347Z,2023-04-02T05:33:09.852Z
Fj3FkiONOcl854TjuSaYGnb4du4OsSDF,Lisinopril,15,TID,2023-07-09T00:23:10.360Z,2023-10-21T11:21:37.223Z
ST9kDn4s6g48PzLGKAie7tc9g779JUmP,Enalapril,10,TID,2023-01-15T10:02:31.921Z,2023-01-11T11:11:08.297Z
4jXDsFXRrpLz4Xch6BLXJSbr8ILgv1pU,Enalapril,10,BID,2023-04-10T10:23:07.494Z,2023-11-10T18:05:38.891Z
bt7q4BGIQfJQ6e6XO3K5pH7m4akasUuS,Ramipril,20,BID,2023-10-08T02:14:00.893Z,2023-02-24T21:15:53.747Z
mJCbjLLZu5UnlDAfQCy2c50QSXlVY8LO,Lisinopril,5,TID,2023-04-07T20:54:13.788Z,2023-01-09T08:32:33.411Z
7jaZ9gExIM4ZTMBay8c2oeJPmJMpAvHh,Ramipril,15,BID,2023-12-05T23:58:51.389Z,2023-02-02T13:09:36.251Z
Su8HtpbOkentxZz3ic8pZ9eaJ1oMPrDk,Enalapril,5,QD,2023-06-24T20:59:44.639Z,2023-04-27T15:42:30.851Z
oj3L282i2YJh48J7N9rX9FLUNtYL0CaI,Enalapril,20,TID,2023-05-07T11:00:46.917Z,2023-05-16T02:46:29.245Z
IbKmkSfVYLS5KB57ttIGR9qTs6Yr6NUH,Lisinopril,25,TID,2023-05-24T14:58:37.563Z,2023-04-04T08:07:53.786Z
9qScRBHTOInxzQLMYNcHPTqg22LOFmXY,Enalapril,5,TID,2023-01-14T04:15:18.160Z,2023-10-01T00:15:42.739Z
VtdubcnvEkF3NTpiQTdrjNFp2NAHVLMc,Lisinopril,5,QD,2023-03-18T19:01:27.620Z,2023-08-06T16:26:02.245Z
Cd81IpuLa3UZqvFFCkX1bQB7QXjnBvGH,Lisinopril,5,QD,2023-05-30T03:47:04.665Z,2023-02-01T10:05:41.318Z
hhk2XLuKXfiXrJsIxuyfHvztH4kmYyHz,Ramipril,35,BID,2023-12-14T06:55:12.304Z,2023-04-24T01:01:57.073Z
bk40VnVzTeIGZo2id1B9UD5FQJB2LgTC,Enalapril,20,QD,2023-03-30T23:17:19.257Z,2023-10-17T12:16:47.096Z
QqV7BfsJoziDSgHmsKZ0D8Au2Di4i7FG,Ramipril,20,BID,2023-08-21T04:22:30.402Z,2023-10-07T04:40:19.710Z
5bQqFoqlOIQMad9zPGRRm5LUMFmxUk4m,Enalapril,30,TID,2023-06-26T01:54:21.782Z,2023-04-12T09:22:31.125Z
Cuh4F2i2EPYA4XPC47i755l8p2QeXRLf,Enalapril,30,QD,2023-09-03T13:05:33.014Z,2024-01-07T10:59:50.213Z
YSo3Y95T4tG5R3LDulhCulJxZO2oUMZv,Ramipril,10,QD,2023-02-11T01:09:34.906Z,2023-11-26T10:00:21.501Z
xNBuvXYNVyKXzzyv8kRbtEXKuRpoSeVe,Enalapril,10,BID,2023-06-16T22:09:45.322Z,2023-06-18T03:09:47.092Z
Mvqs1mL0qlORA44GLOJUcZSXJcoeDQMI,Ramipril,5,BID,2023-06-20T13:43:43.198Z,2023-03-10T15:42:43.621Z
5rK8KPXtQSLh7QXaDvr5OtSlMiBJ95nF,Enalapril,10,QD,2023-05-26T11:01:32.602Z,2023-06-28T23:59:00.290Z
joeJIT3LeJMhYjA3RKD4Ta5BgPGuT3gf,Ramipril,5,BID,2023-11-29T12:21:51.098Z,2023-05-20T20:25:28.229Z
bxCqRpLJL5z7G9JuF5gTHeBnbkenMvyv,Ramipril,20,BID,2023-03-01T07:51:53.103Z,2023-02-09T19:08:17.762Z
0FTeQTgrCZDAZnKVDYUoTFjeIUt8QxlL,Ramipril,25,TID,2023-12-28T22:00:50.714Z,2023-08-11T19:49:50.133Z
uUm1d95lZNH8K7EP8fkL4iNUI20VLbhx,Ramipril,30,TID,2023-02-22T14:10:57.009Z,2023-11-21T02:03:43.838Z
1A9Sau59aNZifqgyQFMT1ilhucVZ9znL,Ramipril,10,BID,2023-11-28T09:54:34.599Z,2023-11-14T08:20:48.902Z
y3rf5HP2U9Mh4IqSk4cDGlQZbfmvQLdu,Lisinopril,25,QD,2023-09-28T06:38:31.432Z,2023-03-11T03:02:44.883Z
Qxi0P2ZiUPfpepIIyjjTTmXaOjzkn4uZ,Ramipril,5,BID,2023-10-31T18:02:24.220Z,2023-10-23T06:49:33.053Z
uiFnbQRJZu0I7eJYm8V73ja2P2CKLZzM,Enalapril,5,TID,2023-03-14T17:31:43.485Z,2023-05-01T05:05:26.632Z
oP0Aq91Ydjm5TG34mn01hx2YDPoXyKJo,Enalapril,5,BID,2023-08-12T09:26:57.306Z,2023-03-21T16:40:28.013Z
z5kfAvnRFk0r3SUl7GkgTTaz7IgsPkFC,Enalapril,5,TID,2023-06-20T18:02:27.078Z,2023-03-07T11:13:53.544Z
ShysH66aU5qkTDtLfj9sPZ4ull8yl2VV,Ramipril,35,QD,2023-08-01T03:34:32.791Z,2023-04-26T11:53:19.340Z
mTp5oCCNUsipuML4riObeSNPzmVcFAEM,Lisinopril,5,TID,2023-03-13T20:17:16.847Z,2024-01-07T10:46:23.344Z
PszF44eOJgXDij2IuAPAqx8HfydYcc4b,Ramipril,15,TID,2023-12-16T15:36:50.326Z,2023-09-03T14:30:09.461Z
kEZVpjHfmqlyce55STi5A2onSaM8OaLa,Ramipril,10,TID,2023-02-08T04:24:41.283Z,2023-06-12T03:34:59.522Z
moBSMjUnGEPRn7TSpFfaTlG4dmIZeUHq,Enalapril,40,TID,2023-05-26T16:53:42.819Z,2023-11-29T06:13:32.718Z
jk6b2ukJXamiIc2q37XIxNnnRGXoHm10,Enalapril,5,QD,2023-08-18T13:37:34.682Z,2023-10-04T13:44:33.385Z
IhJZCZjQ0RSmun9K8zxxStegifFDeQaL,Enalapril,10,QD,2023-10-28T08:16:48.077Z,2023-06-17T04:23:58.413Z
lRkGclqXnYxIKGH2THSCoXTDaxjxva7U,Ramipril,25,QD,2023-05-29T22:04:30.322Z,2023-12-22T23:59:28.897Z
t0DFypKM8RRvXd3kh7le4cdOby6GAVnP,Ramipril,5,TID,2023-03-09T11:12:00.746Z,2023-03-18T21:46:13.599Z
QEM6AokFjuuhvyuSZoYeYH7NFt8FSaMz,Enalapril,5,TID,2023-10-06T12:08:32.985Z,2023-01-04T10:55:40.153Z
IQh1GxaYgUkzoV5RCQUED75OUIHGPn1Q,Ramipril,5,BID,2023-01-07T02:42:03.263Z,2023-11-28T06:27:45.161Z
IuHE8czPx3FSCOhqL1oAfxVJ3m7phuan,Enalapril,25,BID,2023-10-13T02:09:36.868Z,2023-09-17T06:21:17.495Z
9maFKZ1fSnEpSIL1cFCD64rzBYBgBRTL,Lisinopril,35,BID,2023-04-11T22:08:11.953Z,2023-01-08T09:48:12.456Z
ji1ZyjzZxsSevMC67c5lBtxtDHsQtz6A,Lisinopril,5,QD,2023-05-31T09:23:53.608Z,2023-04-13T04:08:18.265Z
a1GOhekFgv3f6Nncz9orp7Cl7mofTeCd,Lisinopril,20,QD,2023-07-09T08:55:50.784Z,2023-11-15T07:25:50.806Z
hP3SOSOC6ddGpspCTEG5cSy8PdpoyebV,Losartan,87.5,QD,2023-10-24T23:17:49.720Z,2023-04-17T17:09:29.183Z
aumfHCR62jxJH2qCVuHDf8B6A6ELrP3L,Valsartan,12.5,TID,2023-05-16T05:37:40.323Z,2023-06-27T16:54:34.443Z
21qtYAtn4HhMxL7MCgc8PNJDaMNrLXMu,Losartan,75,TID,2023-01-16T00:06:21.958Z,2023-05-29T21:29:04.151Z
FHLFVEDzT2A9uYq0sAiPuCvhs6zIUesC,Losartan,87.5,TID,2023-11-08T06:32:16.897Z,2023-08-06T18:08:37.199Z
hHI8Gtt4G2pMx4Ay4VCQVk67pbYh9f09,Losartan,12.5,BID,2023-10-20T11:43:44.954Z,2023-05-23T10:22:45.258Z
ZfLZ4sv6XZmuYxfKsvm6ZeHT6cdT8Ax6,Losartan,62.5,BID,2023-01-24T13:57:27.336Z,2023-09-10T00:50:53.464Z
vuuUnbzlVaDVM2ZdmNN45CbxsPJZLbdE,Candesartan,12.5,TID,2023-12-23T16:57:11.942Z,2024-01-04T08:13:37.208Z
Iks22qNJHinoNLjrJAnpHmsMb0eksbdu,Valsartan,12.5,QD,2023-05-31T04:53:23.487Z,2023-02-08T17:39:58.737Z
6GXlJn5C0sGuTaIrceotzj9J2fp40PP0,Losartan,25,QD,2023-11-25T13:48:44.676Z,2023-03-02T16:54:23.553Z
BOo7Phjs8xBpqzAGrE8HbZ0SJziRIkZv,Candesartan,25,BID,2023-11-07T01:37:49.899Z,2023-06-22T12:39:47.425Z
bXKHjOqO6BmDTbFODpdkuvQXFQgD6m5L,Losartan,112.5,QD,2023-08-10T23:40:01.884Z,2024-01-03T06:56:16.583Z
enTXxX8pfZe98YzVLqcxD4j5UjOfSLxZ,Valsartan,137.5,TID,2023-11-29T03:07:00.918Z,2023-12-10T06:14:24.808Z
i8QU0JuIzHuIAlCQngZ1hJhivk2HUi03,Candesartan,25,TID,2023-09-02T00:20:49.241Z,2023-06-02T03:53:37.734Z
9xXLcCDRtf0okixYzz5n6gepYuNmGA73,Candesartan,12.5,BID,2023-09-18T06:06:59.589Z,2023-01-22T05:22:26.640Z
CGCjBETLsRL4N852tkCjYje6hrCrYpTf,Losartan,25,QD,2023-02-25T07:59:30.170Z,2023-03-25T15:07:51.864Z
2hzVPv95gxjoXOE8t2jKzA6bSLdYImyZ,Candesartan,37.5,BID,2023-01-09T10:53:57.948Z,2023-02-25T08:03:31.999Z
mkk2jS5v6zGSltDcDSprO6E0PfSd8puU,Valsartan,37.5,BID,2023-10-16T02:15:03.718Z,2023-12-08T17:48:16.397Z
uQj81zlvTTdnNKRyqNBHyiykjOumMH4g,Candesartan,75,BID,2023-06-20T10:23:02.867Z,2023-05-14T03:18:27.992Z
s02aoy5JceDhEI7UKccXxXjTUehZaojU,Losartan,100,BID,2023-04-05T23:48:39.369Z,2023-07-24T05:10:28.286Z
Ut0hg3IsnGKPV7Q6gRYTBoscdcANtdvb,Candesartan,62.5,QD,2023-02-21T21:19:20.854Z,2023-04-10T12:22:44.285Z
OySD7hvCBsYAipFI7T6BkadaSaPivhMi,Candesartan,62.5,QD,2023-12-03T00:08:10.345Z,2023-10-07T12:11:09.705Z
JzZ9H0KdAFMrYN1duBKAXqItNuVfE0xA,Valsartan,137.5,BID,2023-10-08T02:02:10.030Z,2023-05-16T11:23:09.628Z
bB5LryEI7RaKsXBTyAnb7lCjoKBqxcjT,Losartan,25,TID,2023-05-19T22:56:14.100Z,2023-09-10T20:32:38.292Z
HOG3VNAbrq2VY4ZAnqiegzkOQnxF8130,Candesartan,37.5,BID,2023-02-17T19:11:22.486Z,2023-05-07T11:54:50.051Z
9pZckZgire7cxREE2lAEiVJP5KH5cYC8,Candesartan,125,QD,2023-04-12T07:25:21.133Z,2023-09-02T02:37:17.045Z
km2R43HxBf9gsV9aS32SXJa2E0HBYAvx,Valsartan,50,QD,2023-11-05T12:04:36.641Z,2023-12-06T05:04:54.113Z
nNqSMij5HMjn68LzIo8gZkaln5n7cloC,Losartan,37.5,TID,2023-12-11T12:23:52.612Z,2023-07-30T21:29:00.316Z
tuN6xgdIGP8pHCHCzzMRv1vKcX4ESMYx,Losartan,50,QD,2023-07-08T20:44:16.684Z,2023-06-07T02:19:45.441Z
CBMd597gy1kMkRp9t3eLGKIFRjdOgg4j,Losartan,12.5,BID,2023-03-09T17:24:31.687Z,2024-01-01T11:53:16.012Z
YSNOn8pxFeQgHJE0XXioTShn9YEe7Ydy,Valsartan,12.5,BID,2023-03-24T06:21:28.796Z,2023-12-03T06:47:32.119Z
syoJ9zOgqsC4mF7VYGJy4nOTmu3N9suY,Candesartan,62.5,BID,2023-06-03T12:50:35.938Z,2023-10-25T11:36:41.539Z
uB3D9R5sTenEiIDTyPOZ9vzKPMJMaUXi,Valsartan,50,BID,2023-04-02T04:14:02.682Z,2023-12-18T06:28:38.747Z
C9UxG5hmCY9qGTGron3p1k3Tln9m8rBH,Valsartan,12.5,BID,2023-01-04T05:21:01.911Z,2023-09-27T06:30:37.328Z
IQdQ4fobql8gqx8QhlRPgS3JGPFBPBC9,Candesartan,12.5,BID,2023-09-26T23:56:08.664Z,2023-05-31T19:17:48.445Z
an5QG8LATNGdbuCLxUE3HC70BYjiJhnq,Losartan,150,BID,2023-03-11T15:44:46.311Z,2023-10-18T19:17:12.559Z
AGJfRgY7CZobujFMsO37qY7QPRAMnjIA,Candesartan,112.5,BID,2023-10-12T21:42:53.743Z,2023-06-20T01:48:09.854Z
YNAkqskSDLjpS8uYpzfTBnLpAQSzum03,Candesartan,12.5,BID,2023-09-02T14:56:17.983Z,2023-04-13T08:10:52.133Z
qYnEf4HCLN0ypjFCMXosK19ToZnsKbME,Valsartan,12.5,TID,2023-03-21T15:29:32.174Z,2023-04-07T19:09:31.836Z
YTRrsElIKAtJK7hzRnVpOMtTsPQEDbrp,Valsartan,12.5,BID,2023-07-11T18:41:37.878Z,2023-09-05T20:49:38.338Z
qBcxJrHreMtayTy9SGU0RjDOFVdSu69u,Candesartan,12.5,QD,2023-04-17T00:18:59.749Z,2023-05-10T02:37:41.218Z
2mXvSBZM4tse0tJQqepf9SrdGl20L19B,Losartan,100,BID,2023-11-20T20:26:58.253Z,2023-03-05T09:29:44.909Z
BefdhQ9vF74Zjn7mZXOgqZ3rDlUtkyNI,Losartan,62.5,TID,2023-01-11T16:01:54.104Z,2023-01-11T23:50:05.483Z
KOu6PqBl5HNM8KHOg3az1BLC6U1sosDB,Losartan,62.5,QD,2023-08-10T19:51:41.374Z,2023-01-25T10:05:42.011Z
MpT1LQPOmkItp8qinhojV4X2yVHlIhxU,Valsartan,87.5,TID,2023-10-05T13:10:30.894Z,2023-04-25T20:24:54.118Z
H6fDoH83NVLgE5fUuEd0jZPQzsM6BdVJ,Candesartan,125,BID,2023-06-15T12:16:55.047Z,2023-08-03T21:47:44.829Z
TIcCaMtXGteVeBnBB1rQmFh37ZF4kyzZ,Losartan,62.5,QD,2023-10-11T05:11:03.451Z,2023-01-19T09:01:42.208Z
2xEjEOVgiC9Bd1GgFgHqt4nSXriYFmaN,Candesartan,100,TID,2023-09-05T04:19:19.073Z,2023-01-24T01:20:06.221Z
dNkPvSrrUqzHoQmBDpx4UYdqsbccUp8r,Valsartan,37.5,BID,2023-07-01T21:52:21.580Z,2023-05-28T06:04:26.999Z
BNXXaMCQHsFaycyZ30nut5xCt1o7uvI3,Candesartan,112.5,QD,2023-04-28T00:20:53.843Z,2023-06-24T12:33:50.513Z
eybsxTzjoeVvZrAlh1mq4vJhalqM47es,Valsartan,37.5,BID,2023-12-07T13:52:44.674Z,2023-10-25T20:41:01.658Z
Ve3MEXv1xd0yOED1AheFt78yd085OM4C,Valsartan,12.5,TID,2023-02-10T14:43:31.486Z,2023-06-30T15:43:18.182Z
Iv6CPvckuoL5dlX2aP3g3EqFM6L76i2D,Valsartan,12.5,BID,2023-12-12T21:06:50.963Z,2023-03-27T13:14:59.778Z
cGneEpkHCrIMjvXvG5sXTzvv3Je8ZRs0,Candesartan,25,BID,2023-01-25T03:29:31.281Z,2024-01-07T00:45:24.659Z
ixTmLlKoxhtA3ikx53ObqEkm0827ikUy,Candesartan,12.5,TID,2023-08-25T11:07:41.008Z,2023-07-07T23:53:55.103Z
rcl2eFyIjGPGx0ILSQJGKeHtiIbZecDa,Losartan,37.5,BID,2023-01-15T20:53:30.986Z,2023-04-25T11:03:32.052Z
LaaZQej4jzzhki6ANUyofle7I8ozmPAY,Losartan,75,QD,2023-11-26T00:47:25.292Z,2023-05-30T09:07:27.370Z
EgN0TiCyFjVlojbNTyXnp7z9TTeaTecE,Candesartan,100,BID,2023-11-03T14:55:42.953Z,2023-10-15T11:44:34.303Z
g0iDGgQpVVpYC6LQTc95SHgrsu01ERxS,Candesartan,25,TID,2023-06-14T17:36:30.537Z,2023-06-17T15:00:26.864Z
QBJ6Id6UuOfzlg02jLjhTjjxd27o4Km4,Losartan,12.5,QD,2023-01-23T23:50:06.320Z,2023-01-22T21:12:11.156Z
V8sjViGCVb34MKV5fOUgVejiSFOUfTgq,Losartan,12.5,QD,2023-03-26T21:19:33.219Z,2023-10-03T02:38:35.374Z
oZQV4R5XVP1zbVVeDHoavqIDCKFgeml1,Valsartan,25,QD,2023-07-07T04:53:13.096Z,2023-02-24T19:23:16.301Z
2k4KXLKiDJv7cCx5y2DM2JKIltdfxVjb,Losartan,50,BID,2023-11-27T09:23:48.684Z,2023-12-30T07:54:57.679Z
U1mgrbBZcc5NyNgU22GbSsRXJ5iVatfs,Losartan,125,TID,2023-09-21T08:13:34.062Z,2023-07-02T21:55:55.434Z
L5LtUkQ1Ko49ZdGDtoYGLcitofM6ulRs,Losartan,112.5,BID,2023-03-01T10:12:04.989Z,2023-02-14T03:53:42.906Z
T8jsT2BOyx5YDe240GqI01F5YNopi6Tq,Candesartan,87.5,TID,2023-07-21T04:43:26.098Z,2023-09-18T14:22:38.162Z
6p5qLdfDD0ZFSbtKV495PhQvTElQ1gTR,Candesartan,25,TID,2023-06-19T15:58:04.256Z,2023-01-26T05:34:40.976Z
L4CCTpAGEXvL9z4GcMV2a4vmGljp1hm8,Losartan,12.5,TID,2023-07-12T06:16:58.724Z,2023-11-27T05:18:12.137Z
3B6ij5jhMhULKt5ep1Q9KEphzzNLUEYV,Losartan,50,QD,2023-06-28T14:43:07.712Z,2023-08-14T14:15:30.210Z
z37tsDgGCOgYN4HzL7XQT2HpLKvBPLap,Valsartan,12.5,TID,2023-04-26T01:14:53.477Z,2023-03-15T21:21:55.963Z
857MnqTHUVoEqAUA8gggz2DvLI9F8DD9,Valsartan,12.5,BID,2023-10-22T13:45:34.856Z,2023-04-06T03:48:07.432Z
m662YsQrxAY6m3sZK5CDLIAJ8uKai7hg,Sacubitril/Valsartan,97/103,TID,2023-05-27T12:49:30.343Z,2023-05-12T15:40:11.144Z
ZjTXeI2PQ3mrQVQZp6oHfpxSxj9I1v4F,Sacubitril/Valsartan,49/51,TID,2023-05-10T00:46:06.621Z,2023-10-25T07:24:33.554Z
D9Fn93T5vlciUvNDHpDHzXccFCQGOYo1,Sacubitril/Valsartan,97/103,TID,2023-06-09T06:53:52.513Z,2023-09-21T19:46:36.659Z
FGHaIYm63qgspMnMa3pIdyD3iRl8opkT,Sacubitril/Valsartan,97/103,TID,2023-12-21T22:45:27.218Z,2023-01-24T14:24:28.756Z
3XPsnAs4NavQo3HHFqmzJ6aUREG677XG,Sacubitril/Valsartan,97/103,TID,2023-04-10T04:21:06.621Z,2024-01-02T16:19:50.971Z
IORv8cc1aHl0KAnVO5tjEytHYUfTb6L1,Sacubitril/Valsartan,49/51,TID,2023-01-22T16:46:23.995Z,2023-04-15T16:14:31.398Z
HndQRiqlYUBgFudfgU9JNfRUUeEPKmbC,Sacubitril/Valsartan,49/51,TID,2023-06-28T22:07:42.999Z,2023-08-25T08:25:07.214Z
JtYU8sZIXbpngPj8EJXGB9XNGcAD4pzN,Sacubitril/Valsartan,97/103,TID,2023-10-24T17:53:50.944Z,2023-08-09T02:24:58.696Z
SHU1xO1yjosDElDGId94uShSOI3lo8gA,Sacubitril/Valsartan,97/103,TID,2023-06-10T12:41:40.847Z,2023-06-02T02:00:42.217Z
xVBj5ZML0UQXyAugqzdcoXY9h6OUquJ0,Sacubitril/Valsartan,97/103,TID,2023-03-13T03:49:46.521Z,2023-06-13T03:28:53.763Z
3zuk2OCuTKj8j6sKsUHQe6LKDuMfbf9A,Sacubitril/Valsartan,49/51,TID,2023-05-27T08:12:03.270Z,2023-01-05T08:08:46.573Z
xsemVesoeAlCZkmHLKZ6hhEr4yN1YdyE,Sacubitril/Valsartan,49/51,TID,2023-01-28T21:38:08.772Z,2023-12-14T09:41:34.360Z
BUEZ0ZUIUSBEySG0YmzPEkOqfADgsHCP,Sacubitril/Valsartan,97/103,TID,2023-07-25T10:25:18.054Z,2023-06-08T13:27:15.691Z
x34MCvC0DECRgMjqiOaborfuMs07Avue,Sacubitril/Valsartan,49/51,TID,2023-08-22T12:57:34.394Z,2023-04-18T11:12:38.861Z
P647kgp0TgRR1A3uNNRZelT3r09ic2Um,Sacubitril/Valsartan,97/103,TID,2023-05-14T15:07:46.349Z,2023-11-17T08:24:55.320Z
TEMy8A5LcTpZJRk8dDB63428Jlx2QugA,Sacubitril/Valsartan,97/103,TID,2023-06-10T22:55:42.304Z,2023-07-16T15:51:48.924Z
BLZk2MrKvPShCxRmQrqI0lo96PnFsTM2,Sacubitril/Valsartan,97/103,TID,2023-05-05T01:03:49.469Z,2023-02-11T15:13:22.901Z
cNBAFfcJtpxIjM1ICR9Z5akmEbIqTypV,Sacubitril/Valsartan,97/103,TID,2023-12-10T11:23:44.046Z,2023-11-26T14:28:05.580Z
ouurKEDmqvCJ7K5zUVPkQ6kU6Ii51x5u,Sacubitril/Valsartan,97/103,TID,2023-11-14T00:27:58.072Z,2023-11-30T01:18:12.189Z
mMy4QiIbDpuyoxNdP5MVldHQFSXelcJ5,Sacubitril/Valsartan,49/51,TID,2023-07-07T06:07:15.173Z,2023-11-11T03:03:58.210Z
De5kiKpuTMG2OAHjdm03ZHGpRsQ0yryp,Sacubitril/Valsartan,97/103,TID,2023-06-14T09:20:48.445Z,2023-08-22T07:38:52.200Z
LgdCKZY4VOXXeBVrLN66ifQpzRbb3qtr,Sacubitril/Valsartan,49/51,TID,2023-08-04T02:43:50.251Z,2023-08-29T23:41:51.398Z
ohlqFYZDH7CPl14PpCktzD5Vo4aIx3QM,Sacubitril/Valsartan,49/51,TID,2023-01-18T03:10:47.466Z,2024-01-08T06:33:03.526Z
NLxPU5IF465v8mnoefvTb3oIgyqo5ChF,Sacubitril/Valsartan,49/51,TID,2023-02-12T08:26:12.892Z,2023-04-10T19:51:20.623Z
O5fQOvclSVfq7oT4SyKMLzb5NXZnSckU,Sacubitril/Valsartan,97/103,TID,2023-06-15T14:59:18.609Z,2023-09-08T12:32:40.211Z
oMA8txPNjfZdCe4L6emO9mJQaMO5pfM7,Sacubitril/Valsartan,49/51,TID,2023-10-06T01:26:13.609Z,2023-05-09T11:24:19.092Z
KYFM5UdLnLROkJiSDqtzmFrVQdrPNDVr,Sacubitril/Valsartan,49/51,TID,2023-01-23T16:49:22.294Z,2023-10-09T04:39:25.410Z
8lLDByi4pbFVhyTUA9yheQ3AIuxMo1Ci,Sacubitril/Valsartan,97/103,TID,2023-11-05T00:42:01.527Z,2023-10-15T20:19:39.841Z
RFqfJQotZ0usjj0BfaHFNYpXycMklD2g,Sacubitril/Valsartan,49/51,TID,2023-07-20T21:24:58.734Z,2023-08-29T16:07:33.846Z
uGAoKtVgdT6chkqDqitbkJbtM4HpUfE1,Sacubitril/Valsartan,97/103,TID,2023-08-12T08:16:33.980Z,2023-09-30T14:06:15.321Z
xJRNG7iLuhKCgP9asBq2PYr4vTFbMBYE,Sacubitril/Valsartan,97/103,TID,2023-02-07T03:31:48.285Z,2024-01-05T16:47:39.892Z
0IxLmU1EjVKcfB7ZUovkRRrEjZxyT59H,Sacubitril/Valsartan,49/51,TID,2023-09-30T07:41:05.110Z,2023-09-22T20:29:43.422Z
zxbvEo7rGhCzvZqJITae4HZNK0z5ISlq,Sacubitril/Valsartan,97/103,TID,2023-08-08T07:14:06.396Z,2023-10-22T12:39:07.530Z
Myeq3ccQghCoHMAubNeMs2hDJH61U9hA,Sacubitril/Valsartan,49/51,TID,2023-04-02T15:02:11.872Z,2023-07-12T02:30:41.408Z
HOenmVc5DYiHD4LZptv6JPba20d6Ak5F,Sacubitril/Valsartan,49/51,TID,2023-11-29T23:38:36.545Z,2023-04-15T09:23:43.361Z
taFeeoDFIsJG9SpCNteOCZhx2lGL1qo9,Sacubitril/Valsartan,97/103,TID,2023-09-15T12:01:58.338Z,2023-11-05T01:18:28.916Z
3cQ6cTtZDuM1chKnUvbEA42tgHARZ94F,Sacubitril/Valsartan,97/103,TID,2023-07-11T03:06:52.848Z,2023-05-27T17:08:56.391Z
xe2cjb9Mqv9STGTUyS3txfhBuQtr7THm,Sacubitril/Valsartan,49/51,TID,2023-10-12T21:28:20.107Z,2023-02-24T01:06:40.751Z
8kfHH4SOv0sOLJF4tBNT7TDe9exLk1Up,Sacubitril/Valsartan,97/103,TID,2023-03-27T15:17:57.847Z,2023-05-13T00:11:41.930Z
aiuDRHrGMHrSXcOfTlhaC9Ea9lx4zg9i,Sacubitril/Valsartan,49/51,TID,2023-02-07T04:38:56.178Z,2023-01-19T22:25:21.216Z
Qu17tTRUbdmzl29MiGShKmvllkB9COyx,Sacubitril/Valsartan,49/51,TID,2023-06-10T23:14:12.071Z,2024-01-08T18:15:21.865Z
adUghC4VAt0XbuaPnRRSoHu99vGqg0My,Sacubitril/Valsartan,97/103,TID,2023-03-25T13:42:55.261Z,2023-08-03T14:19:52.738Z
ASXEXDk7sODN23q1HZNe7qMZdGZIsOI3,Sacubitril/Valsartan,49/51,TID,2023-11-28T15:35:33.138Z,2023-05-04T21:12:57.426Z
P5mXs6HAfhiL8jLqz3v6ZrIEMPBXhUDp,Sacubitril/Valsartan,97/103,TID,2023-07-16T22:56:27.742Z,2023-03-03T09:06:07.487Z
Vib9F0lTkVPExLCZlMBdjYq0QkJ5VfMd,Sacubitril/Valsartan,97/103,TID,2023-02-12T18:48:39.197Z,2023-11-30T09:13:10.476Z
ao87t26I0PQrGTafbhTFSQaE4IBfqTxP,Sacubitril/Valsartan,49/51,TID,2023-05-14T15:12:00.855Z,2023-07-30T08:44:37.223Z
YpfvSuAEn9YjgrR599oftDes7RzX19UU,Sacubitril/Valsartan,49/51,TID,2023-11-21T00:33:58.594Z,2023-09-10T20:16:35.438Z
JvFJsnqTmzFNjhyODy9Xu7fmixdoeFSR,Sacubitril/Valsartan,49/51,TID,2023-05-05T04:51:52.934Z,2023-09-25T13:37:19.394Z
DMfSMzSeN7gsKdOgR18okp36Dt2l8aZe,Sacubitril/Valsartan,49/51,TID,2023-08-29T06:01:59.244Z,2023-11-01T09:58:44.494Z
5yRggFN9Bi21pdfiNy6Oq6nffUECqVEn,Sacubitril/Valsartan,97/103,TID,2023-06-25T15:28:46.587Z,2023-02-11T13:31:14.769Z
gH7RY1grIYelgcsOT2F12GGtcGuoFoHF,Carvedilol,75,BID,2023-06-26T07:10:55.046Z,2023-04-25T23:15:29.585Z
HioG7YaGvx8ecLyFvkCOimscosp8VFdu,Bisoprolol,50,TID,2023-01-01T18:04:43.451Z,2023-07-06T11:07:15.652Z
bkh5S4DVMzlthsQOSQg84J9dBT48mp1Q,Carvedilol,25,TID,2023-11-23T09:12:13.667Z,2023-08-11T05:05:17.065Z
7Va1XqOdCvcCHZtUA3GpJRphIUsyr19i,Carvedilol,25,BID,2023-03-28T10:03:42.743Z,2023-04-30T20:58:38.794Z
UGBfp4upuXzyvmhmGfNQ0ALgUG1IMpyX,Carvedilol,25,QD,2023-03-12T07:02:32.293Z,2023-03-15T22:51:01.595Z
gYKuuShY79uLJTKI8sUpBo6MRZ9V7S2T,Bisoprolol,50,BID,2023-03-18T02:55:10.637Z,2023-04-30T09:43:35.915Z
40v438Lxq7z6Bjplb2JzUO7jrjmYVQcj,Carvedilol,50,BID,2023-11-14T07:33:36.352Z,2023-02-25T12:49:49.814Z
syqmlXiG6d0INv7NgauOY290irU4u1HQ,Metoprolol,50,TID,2023-04-30T04:20:06.250Z,2023-03-26T19:42:10.709Z
ovhxJTCG4R9fukK49taA2kjA3PTMTP8h,Bisoprolol,25,QD,2023-05-01T22:35:48.769Z,2023-05-29T22:57:25.589Z
5cDKFqCdpsTxE5OZdfAzfLiVAC4isr5h,Bisoprolol,25,TID,2023-05-24T04:34:23.805Z,2023-02-26T04:39:04.127Z
PNiMJpMdbgiCAfQdcs2qHO8z34Xf6EVm,Carvedilol,50,BID,2023-08-25T12:03:40.470Z,2023-02-24T07:32:41.429Z
U1uul65uesstySHXPTc7xE5jMx94BRBA,Bisoprolol,25,BID,2023-01-15T04:29:27.217Z,2023-03-01T00:19:56.829Z
xfdDHuFS1qAxz73LJJym7hLtDYV2v3Ad,Metoprolol,50,BID,2023-03-17T18:10:47.206Z,2023-09-27T08:20:29.213Z
ENXdsr5RaxCSHEaXuGqi2o3kO4sEv1Ta,Carvedilol,75,QD,2023-05-03T20:30:31.624Z,2023-12-03T10:59:07.651Z
uLZu0lUYCZLdZZoCKUZeYzSi7ClECZBx,Carvedilol,75,BID,2023-02-02T01:18:07.142Z,2023-12-18T12:02:47.754Z
ChcpISYsNDbMcFaKua2bYjRAAbKgyTdI,Bisoprolol,25,BID,2023-10-18T08:12:27.716Z,2023-11-26T08:29:21.049Z
x8M6muun8UvxmMX8dYr8inRIlFFUiHQy,Bisoprolol,75,BID,2023-01-25T18:47:45.897Z,2023-03-05T12:54:34.971Z
Y2QTlvPlMz8PxlHuhp2q8u8JvMU3E7JG,Bisoprolol,50,TID,2023-12-02T21:29:55.436Z,2023-08-03T00:14:52.245Z
EmOtjiysxP7AqaEMtdCILNFjVSkqH8AC,Metoprolol,75,BID,2023-07-10T16:28:37.611Z,2023-04-09T13:49:04.930Z
xF7O1TqlFsMvDMDI4RogKT1IzCczCQ2l,Metoprolol,25,BID,2023-03-03T13:46:28.903Z,2023-12-09T12:26:41.964Z
RFl5RLNq3AquO691L3Dky7IliTQF3dSz,Bisoprolol,25,QD,2023-05-12T07:02:16.355Z,2023-03-21T02:14:48.247Z
DPh71A9ZuRu2bG56aI7dYlC1e9SK0Qnq,Metoprolol,75,BID,2023-10-01T22:28:31.771Z,2023-11-01T03:58:57.981Z
HfqdCT2RSS3E4zML0akkRDiDL4QNIYJ1,Bisoprolol,75,BID,2023-08-23T21:29:28.482Z,2023-07-18T05:49:49.315Z
PRKV2mvceL0kaecyRZxFVYabXz497rPj,Metoprolol,50,TID,2023-07-28T00:59:12.283Z,2023-06-01T18:58:39.428Z
5qarIzpTyffUFjynBreDb4tvKeII1jaB,Carvedilol,100,QD,2023-06-27T16:48:06.951Z,2023-04-07T04:34:23.470Z
B2UIL6Xdt0PI2GUAvI1GqfzCFoxhieCV,Bisoprolol,50,TID,2023-08-29T05:04:41.876Z,2023-03-24T10:13:17.942Z
c7JlTYkYMZ6BBq1nuYe37aDXHJFcfZ9g,Metoprolol,50,TID,2023-01-07T13:43:49.503Z,2023-11-17T08:19:48.721Z
4Kt874p6C2bOPOdhl8LOmGBqKMpQk4Yk,Carvedilol,50,TID,2023-08-26T09:56:45.336Z,2023-12-11T21:50:16.685Z
8bL6ecdh0T11oJnT1sS3oi28NhlKqu6H,Carvedilol,100,TID,2023-04-08T11:59:01.834Z,2023-09-13T02:22:11.357Z
e7GYZfSa7AcKHc9nPXHn89OqG3b46Pi0,Metoprolol,25,BID,2023-11-15T08:00:21.176Z,2023-08-08T01:13:33.821Z
s0tb1jENQkxEjLabqNxJiH9EcEanY1mF,Bisoprolol,50,QD,2023-10-04T16:01:19.880Z,2023-12-21T19:29:44.351Z
lMr53TeZQI0J49NulC2THKjP5rcMZEut,Metoprolol,50,BID,2023-09-22T16:45:16.433Z,2024-01-03T05:12:55.248Z
bqoUPbfrZJ79MFXJLOS6HNFhOrv0iI8j,Metoprolol,25,TID,2023-12-16T23:14:00.214Z,2023-07-04T16:10:06.683Z
ZRxe2V96el3nBx0BlNEk7X9ca1NHpVQp,Carvedilol,75,QD,2023-01-30T12:45:17.742Z,2023-04-01T13:34:07.361Z
zXnr3B5c5RNhdEtPkgHFz8P7fZM01hbr,Metoprolol,75,TID,2023-07-19T02:40:20.927Z,2023-01-12T04:34:20.974Z
ijlvBBP5A4A22hsrknY4H7FNqmDP2Uuc,Carvedilol,50,QD,2023-07-27T18:12:49.323Z,2023-05-22T08:27:56.048Z
94gJ9leQdz09D8DJfZMTyjfMe3NYIgnp,Metoprolol,50,QD,2023-10-06T12:10:09.127Z,2023-05-21T19:14:49.963Z
r9CvZklLDuSFiNhANG7C9Q83Bvp4g6LH,Metoprolol,50,QD,2023-03-08T01:43:54.865Z,2023-09-20T21:50:22.111Z
oeMCsrmELFbKtF36YxY9aUomGQnJsCOR,Bisoprolol,25,QD,2023-02-16T13:40:30.849Z,2023-04-30T10:01:00.653Z
avNF48l9vEngrS2ZSDBU1nXmG9J2NzXZ,Carvedilol,25,QD,2023-12-18T23:25:43.651Z,2023-06-28T04:17:41.521Z
Q7EoAKBvboOPRpcpYDOmyUpzKXKfdggG,Bisoprolol,25,QD,2023-07-19T09:42:47.912Z,2023-08-23T02:55:19.648Z
udrkyEF7m3Q6I61YVnUdKsJYfjd2OsCA,Carvedilol,75,QD,2023-10-27T11:52:33.920Z,2023-10-18T21:58:47.761Z
tHj1yJIKjTzyszajGa0j8o238MMfIXHY,Metoprolol,100,QD,2023-04-08T19:15:08.938Z,2023-07-04T00:46:20.055Z
dJHJ3E5l4x2Y24Egiz2Q1BR42AoX9qAb,Bisoprolol,50,BID,2023-04-29T13:19:17.456Z,2023-12-05T08:54:43.208Z
2IJDlUeHgbeUnZ5Y94m3TMXnrfvqN6fn,Carvedilol,75,BID,2023-09-02T22:51:16.400Z,2023-12-13T03:10:39.268Z
1FCK4B74toxs9osy3D4Ah1Ojh1D8zFQ9,Carvedilol,50,TID,2023-11-02T09:28:28.964Z,2023-01-24T12:23:11.437Z
Jcc2MCjQrCtAyxdcl5zQQnmRUtx3d6Ps,Bisoprolol,50,TID,2023-10-19T02:01:04.597Z,2023-06-19T21:29:38.982Z
JrPq8aZ9KyqKFednk7Q1KASn9fQREZIV,Carvedilol,100,QD,2023-01-25T20:09:34.346Z,2023-01-20T05:04:08.122Z
3lnuo9xgN1cfmsOIp4putc8joUoc2fro,Metoprolol,25,BID,2023-07-22T15:31:24.738Z,2023-10-21T08:34:09.195Z
yMD7d32M0ldPym9bVpKeBG6s4YQ6DKo7,Bisoprolol,25,TID,2023-09-14T16:55:47.614Z,2023-02-05T07:25:00.710Z
AbAo4B9iR3lBa9RIULLmqJ4ANyhQF416,Carvedilol,75,TID,2023-10-18T05:18:36.203Z,2023-05-26T00:30:32.053Z
85UiZqDXHvDYBrHo8DY4Q2YgzslARpHP,Carvedilol,25,BID,2023-11-08T13:24:31.753Z,2023-10-30T03:58:47.012Z
yV7cvdanEs62RBhRZyjkLt60VIC0xkG3,Carvedilol,25,QD,2023-02-20T23:59:23.089Z,2023-02-25T13:45:03.174Z
kS3tLZNzYdupJfFrMuMonvihQp6qSDD1,Bisoprolol,50,TID,2023-01-30T12:14:54.510Z,2023-06-10T09:31:37.865Z
tfAsRJjtFisK9x8AKJjcOyooANlbbxoZ,Bisoprolol,50,BID,2023-04-26T11:38:25.313Z,2023-08-08T18:56:59.759Z
0AcGrXsf6URNCX6J3FgxiLJ7KNCbSj7k,Metoprolol,25,QD,2023-08-30T13:54:35.333Z,2023-05-08T15:41:31.365Z
MYybKPdlMhcNapzafX5El2lLghR8QTuH,Carvedilol,25,TID,2023-05-20T01:54:46.244Z,2023-08-23T14:54:52.055Z
olt362tALLJv912xVeVJSab2maGTdMHE,Metoprolol,50,BID,2023-12-15T15:42:57.559Z,2023-09-27T04:41:52.177Z
rs0fAebg04RHLGSpdOLEDYqzfi8NTgEO,Carvedilol,50,BID,2023-10-20T05:08:21.687Z,2023-07-18T09:54:47.988Z
NdgfqFvVQU3KqLcRsiX8KhtRq5jKQfLK,Bisoprolol,50,BID,2023-11-18T13:37:28.320Z,2023-10-27T00:41:52.119Z
qikiXCcijX1SoxO2ZKO8UMnDTCxY6sc7,Metoprolol,25,QD,2023-11-27T10:01:54.666Z,2023-01-25T07:31:12.645Z
GHPfe8OVyHRxqEu8G3uoX7U8lN77kTI4,Metoprolol,50,BID,2023-05-26T08:31:02.857Z,2023-09-01T07:47:00.829Z
2SqAzt91jUcdQphBh1vCXya59nbDDTHJ,Bisoprolol,50,QD,2023-12-13T10:33:17.045Z,2023-09-10T23:30:19.571Z
FzGQ1J3vRMi9YIBx46zurCNh1R8EUUqs,Carvedilol,50,QD,2023-01-03T21:09:57.193Z,2023-03-24T12:55:02.354Z
XtGP2eaVRJvis2E6INHrorasKokLcAgz,Carvedilol,50,QD,2023-02-07T15:37:21.642Z,2023-05-04T21:16:23.682Z
034UQaNhhBMBmKBrEz8hJ0ggm9QSjSLI,Carvedilol,100,QD,2023-03-20T19:09:54.297Z,2023-06-24T23:39:41.592Z
KUNMU1pPipk7oY8AqsTLXUTjaNP7j4GX,Bisoprolol,50,BID,2023-01-24T22:58:09.151Z,2023-07-07T14:20:39.616Z
4pJBgHQklUPBBvCFBifAogZX0D9hjEzH,Metoprolol,25,QD,2023-03-11T16:16:19.645Z,2023-03-25T01:34:53.368Z
fZjkjtgrEpStmcIUNcyhBGLSI8f0dudI,Bisoprolol,100,QD,2023-07-21T10:20:22.661Z,2023-02-27T22:20:46.547Z
fRiagQ1KbpVXN78kVN9roF0UPapha8hM,Bisoprolol,50,QD,2023-04-08T12:22:23.015Z,2023-09-28T20:32:17.911Z
HIkpL6tVyD24goDS239snK25vdB4SqZC,Carvedilol,100,QD,2023-01-17T02:44:27.373Z,2023-02-07T16:39:17.729Z
m9FsX8MdiUk4yAoy0FP4Icj7M9qHSf58,Bisoprolol,50,QD,2023-03-25T12:56:02.216Z,2023-03-28T14:59:52.866Z
uDktYeXzole8JpQxxVN9emZLOYS6odJ8,Bisoprolol,50,BID,2023-10-12T16:24:34.006Z,2023-11-08T22:06:19.574Z
qIavPkzeYmeQGm5Obv4Puo5NlVY9TN3u,Bisoprolol,50,TID,2023-03-27T20:51:26.889Z,2023-04-05T15:32:46.696Z
vlOgEi2PUsdnunAie3ztyPe6ZKTJD1rU,Bisoprolol,25,QD,2023-08-15T09:52:55.247Z,2023-11-12T22:45:23.715Z
t49Mkz6cntKnGeTXoj4BU0PIxyb38g0I,Carvedilol,50,QD,2023-05-23T04:48:11.471Z,2023-11-21T20:42:33.066Z
4VgjJHtR4BIZTxBYcmxSAsibxLcfjvGP,Carvedilol,100,QD,2023-03-18T18:02:41.128Z,2023-02-07T06:07:50.569Z
Z0nR7fFycKrsojEUMkjuKi2i5A4BGCjr,Metoprolol,25,TID,2023-03-30T22:33:19.760Z,2023-08-14T14:19:42.148Z
LYofzB2T4ICEjbAXc8meX3I2e45Cdrc3,Metoprolol,50,TID,2023-02-13T19:28:45.740Z,2024-01-08T00:49:11.830Z
Ldyttrf9hLFVu913M0JvH1QlDHtaolgl,Metoprolol,50,BID,2023-03-07T12:47:45.568Z,2024-01-08T08:25:52.987Z
fLkx3DNqudIR5oTGaiXsRSgBcYdUFdJq,Metoprolol,50,QD,2023-03-12T02:55:18.813Z,2023-09-15T19:14:53.816Z
oV3trgRRcKj7dSnvqGrqvF6uyEogf2PO,Carvedilol,25,BID,2023-10-07T23:37:02.570Z,2023-12-07T20:07:30.599Z
CLy0JgK4t2ENLMx3MsMoa7nGNtPdyeze,Metoprolol,75,QD,2023-02-07T07:01:37.935Z,2023-04-21T15:12:43.625Z
v9OfcX2kVHuyhOjrXkoOkaU0xkZ02Fo6,Bisoprolol,25,BID,2023-10-12T11:16:52.666Z,2024-01-06T12:02:28.885Z
APkaZ5VC6u83STx7EU44aNoNcDOtOL4s,Carvedilol,100,QD,2023-11-04T08:57:51.651Z,2023-02-17T02:40:22.829Z
5k2m8lDPBxfYIpplATOPqk3HZZHQznHV,Bisoprolol,100,TID,2023-03-17T22:58:59.373Z,2023-01-17T19:07:33.760Z
4ZFaozvxqp5NO0ZzjZKfF1a8atCBdaQo,Bisoprolol,75,BID,2023-10-29T00:34:33.805Z,2023-09-03T09:10:58.305Z
jXsBkV1e39B6OFLqedleoL2Y4gtxlOTh,Bisoprolol,25,TID,2023-01-20T11:57:29.469Z,2023-08-12T19:49:23.316Z
S4S9lUP1IedXSr3c0ixmLTGMq83zkQGz,Bisoprolol,50,BID,2023-03-19T18:44:53.872Z,2023-03-22T17:13:14.619Z
zJfsdoO12yhV5CRyyfQrEqqO4s4vVSCZ,Carvedilol,50,BID,2023-06-08T15:47:59.191Z,2023-12-19T06:11:51.305Z
sOsVAFp60yvbgx5ySgnFYlAeNXoOagJv,Carvedilol,25,BID,2023-07-02T12:17:57.115Z,2023-03-25T04:28:04.639Z
D5PXa2fKJsFBp8ZL0BKxZ6xqqZmrp1Ri,Metoprolol,100,QD,2023-04-14T03:42:05.891Z,2023-08-29T00:16:33.265Z
95qzlOMdjbyP5je5UBoPEptKfVE9UkxD,Carvedilol,50,BID,2023-07-24T19:03:00.894Z,2023-10-27T09:03:35.177Z
45gjBiTL477Dl63U3LsmmF52xXSTM83E,Bisoprolol,75,QD,2023-06-05T07:13:40.796Z,2023-04-28T17:41:42.916Z
o156gh10Zzd8BeNcIYsXMG08Qlo54naG,Bisoprolol,100,BID,2023-07-18T18:39:13.458Z,2023-05-04T04:14:36.151Z
iKbrTa8fh7nOuonjz66OXi9r2zQUFkvD,Carvedilol,100,TID,2023-10-04T18:29:58.489Z,2023-06-20T01:54:54.988Z
2HeO2ya8C7lVI4T9SxZy170QFIqAEky8,Carvedilol,50,TID,2023-11-27T15:06:46.231Z,2023-07-04T06:09:49.534Z
Nau7Sc0CKr22DXJptmhvaoffvJfjHhda,Bisoprolol,25,TID,2023-11-11T19:38:11.501Z,2023-06-26T01:40:44.909Z
tgZSCUaBBjhUvGOEFz6fp80dRR3kT4Uk,Bisoprolol,25,QD,2023-06-19T12:21:32.291Z,2023-10-13T14:07:06.244Z
LgMiLD8gdE8UM0Ruj6cxLjm02L1FH0fY,Carvedilol,50,QD,2023-10-12T02:08:48.714Z,2023-05-15T04:10:11.503Z
2A7Qtd4bGl5AGHUG5uhUNybk8MZBK2p1,Bisoprolol,75,BID,2023-08-25T01:18:06.318Z,2023-09-18T07:19:26.159Z
F6qfQl7v6GzClAB3EInH7f0GCHsDbt6J,Carvedilol,25,TID,2023-11-23T22:57:44.641Z,2023-08-08T06:19:27.763Z
lhzDBm3rco4jFqhj1TiYTm3ktFIjBG3l,Bisoprolol,50,QD,2023-01-31T03:25:14.094Z,2023-12-15T06:01:36.434Z
9O08aXoL4j0VXn1iqSPjMnF7o4GQ49A5,Carvedilol,25,QD,2023-07-25T03:35:46.294Z,2023-08-01T19:51:50.194Z
y7gVY5EM7Roisnp3CE4mSm3HyoygdgZf,Bisoprolol,50,BID,2023-09-09T03:05:25.134Z,2023-04-22T02:39:04.098Z
yRAUPsu0ytfgcafcuTDfspTATQR65ST2,Carvedilol,25,BID,2023-06-11T00:48:34.623Z,2023-03-23T23:21:59.499Z
ZInHyiH3S8H3JSbePhQDXdQhDL9G9nvs,Metoprolol,50,TID,2023-11-02T23:48:22.768Z,2023-12-17T03:55:27.488Z
B8XAFGD0r3I4LLYFabJ0iHsNdoYeqnxv,Bisoprolol,25,BID,2023-01-20T04:39:31.221Z,2023-12-01T23:23:36.500Z
YScCqMH1LFqKC76RQ472yRVHUKaY5fqc,Metoprolol,25,BID,2023-11-09T00:36:30.663Z,2023-04-13T21:52:43.610Z
zktxtyyNaTYn22nDeydJgD8jhbGOGRIA,Metoprolol,25,BID,2023-07-14T20:56:47.780Z,2023-01-03T20:07:33.846Z
iaYdHzuoCT8JExCMjOeQllg7OH0ESfhx,Metoprolol,25,BID,2023-02-01T23:08:56.355Z,2023-01-10T05:05:56.086Z
tp0yCuDFSJPj5xu6eYGuD0YO5DHb39DH,Bisoprolol,50,QD,2023-10-04T20:03:43.061Z,2023-07-13T13:16:52.750Z
8dLkAG7bAxp9SJFqB8jkITTMugNfURCT,Bisoprolol,50,BID,2023-01-13T06:00:42.240Z,2023-06-20T13:49:23.725Z
cHtTD9j8cdc7BusXzRf3eYZtoC6VMrXc,Carvedilol,50,BID,2023-04-26T21:45:23.607Z,2023-12-08T02:56:57.782Z
fSrxspS4bzZonPxM5naoacP1jdsTbQEk,Bisoprolol,25,TID,2023-04-28T19:07:07.920Z,2023-03-08T10:08:35.248Z
DMOyn7Ug1SRn3Sckuydqzl9mUiO0Vb5m,Bisoprolol,25,BID,2023-01-14T23:48:41.649Z,2023-04-17T09:27:31.140Z
LA01Z8JmBHX98unk7ug5BUROPLo9PXGB,Bisoprolol,50,TID,2023-10-24T19:12:51.760Z,2023-11-14T04:07:09.959Z
C6AXir8GyOAAiNS9bHBKcavaFsQZ3QHt,Bisoprolol,50,TID,2023-11-24T13:03:51.889Z,2023-02-12T21:45:10.307Z
IPFChqVEZAIpsMUKdatJEuKjURIdZrSi,Bumetanide,80,QD,2023-09-14T11:51:10.816Z,2023-05-17T22:25:33.109Z
6HsYtkDgGG9G2EamiQVma2mnITasNYYu,Furosemide,100,BID,2023-04-03T04:31:02.509Z,2023-04-17T14:05:55.185Z
LA66MifVZK9d7rF4riL9ETcqgBtC3q3A,Bumetanide,50,BID,2023-11-04T09:39:47.053Z,2023-01-28T21:07:30.966Z
hKp47vHQz0YdZAXJJt24eLkNRCAkFyvG,Torsemide,80,BID,2023-07-18T10:54:46.081Z,2023-05-16T18:29:38.983Z
6Xq3ybRmsi04TlCvex7Lj1d58f0hdanG,Torsemide,50,BID,2023-05-25T19:16:26.172Z,2023-06-12T02:36:58.436Z
5nq4Afc8PIxn3Q4cDVhPnLyHiVajHhlf,Furosemide,40,QD,2023-02-03T13:16:20.253Z,2023-01-10T23:17:21.357Z
mld4t9fILVdpQ9DiA7rFd3CzjTpE9eId,Torsemide,100,BID,2023-06-09T00:02:44.507Z,2023-11-08T05:00:05.145Z
HnBg5xKXTi0nHXLn0zCrx3H7GGqjhfmE,Furosemide,100,BID,2023-09-18T23:09:50.373Z,2023-11-14T05:57:52.104Z
yi49F918sGNuqJZgHGsqjV38ahDTB0ku,Torsemide,120,QD,2023-11-22T06:31:49.103Z,2023-04-25T18:20:50.569Z
4jNfrZfUM3Zre8y5j1SEyQif8im3JGHq,Bumetanide,40,QD,2023-06-06T05:11:27.316Z,2023-12-18T03:09:00.666Z
Sh7QlRKM8cieyGOS4QbLXycaqiRhMNP3,Furosemide,120,BID,2023-02-24T13:58:53.375Z,2023-08-23T12:38:11.291Z
hIC5HgTxSG6Er3dExixe014nhtfbLBTL,Furosemide,50,QD,2023-11-17T00:58:15.388Z,2023-07-23T22:17:26.591Z
sXcT4rMIP1THbNVETohslRl9v6cJuGvZ,Bumetanide,100,QD,2023-04-12T06:31:07.378Z,2023-07-02T13:53:17.271Z
afzdUDDcbYMuLFipJsRXucxJryhYSVjR,Bumetanide,80,QD,2023-12-18T02:02:56.458Z,2023-02-24T20:56:38.133Z
nSvFopPVUelVX5r5VvmoV8kXMei88js5,Bumetanide,40,QD,2023-04-27T16:25:40.799Z,2023-05-05T22:02:22.212Z
sVsu8Mz7Bt1r3IYSp5De3YIuNH5YRVCi,Bumetanide,40,BID,2023-04-23T03:01:40.815Z,2023-04-01T07:33:44.522Z
Je01ICFGJ4Aiyja4ARFbZpJ1YB3aq7br,Torsemide,50,BID,2023-03-17T19:53:31.149Z,2023-04-03T20:31:41.309Z
Y69hRsB6UFcrrooYMSDlGI3syeJhVORA,Furosemide,120,QD,2023-12-19T08:09:45.250Z,2023-09-30T20:15:31.882Z
LFqCztETtJQL1XvYh5CGMzbQ37TvSBUH,Torsemide,100,QD,2023-07-21T19:45:35.192Z,2023-03-13T20:55:52.299Z
y09Cua2en8jSMXApasXIc85hBIchaxCB,Furosemide,80,QD,2023-09-13T17:32:23.911Z,2023-01-08T06:09:28.155Z
OlYjc90SnTxnLyNN96MXioZmvTDSf0zc,Bumetanide,40,QD,2023-02-16T06:20:34.086Z,2023-05-01T04:11:53.838Z
bhJYf4eZXTxrRDtPFPsZskKAlRhVkaNu,Bumetanide,40,BID,2023-07-22T08:26:37.222Z,2023-01-03T23:33:38.054Z
71aKYmoLGg9fJxuV2NmFBRi1DkH8d2GY,Furosemide,20,BID,2023-12-25T05:37:33.423Z,2023-01-13T04:28:48.375Z
z42H84ViBVQjA3H8xEID2fplAuELykm1,Furosemide,120,BID,2023-09-28T15:37:13.054Z,2023-05-19T16:22:31.089Z
PKplx9m4TutDTjjPxTv22TqnPSzniOgM,Furosemide,20,QD,2023-11-13T01:57:02.053Z,2023-05-11T08:37:16.586Z
Z7qAtt6P5I30ntLG6LQvN6QIVNhv2Hbi,Bumetanide,120,BID,2023-05-01T01:45:52.035Z,2023-08-24T10:53:28.428Z
nm4SzNUh8US4ijDv8xASU4c3XnF5D7LP,Torsemide,100,QD,2023-04-01T20:23:51.769Z,2023-06-07T12:47:42.593Z
S67dl5J5XMdyj9dTANARSQxJtefJ4D8I,Bumetanide,80,QD,2023-10-03T20:49:53.457Z,2023-12-29T14:46:32.949Z
QnN9NkFeTGRAVS8S9qrtflfthhxOAeZk,Torsemide,80,BID,2023-12-27T10:16:07.292Z,2023-05-10T06:09:25.685Z
fGDulhLxDlglvmNb3BCrcctVLEjE6ApC,Furosemide,120,BID,2023-12-01T13:59:24.261Z,2023-03-28T11:31:54.786Z
Zh7aVHQRxS6N8C2Pb1oqt1tSf7YOheT7,Bumetanide,40,BID,2023-01-19T14:31:33.099Z,2023-05-03T11:54:11.707Z
FtD2HdbLsKQKh2k9ZGEJs8aezOCS89sP,Torsemide,20,QD,2023-06-12T14:54:45.518Z,2023-02-01T00:37:54.856Z
MSCN826hSSp0TIXlVRezXfycLjqGCRps,Bumetanide,50,QD,2023-11-26T20:04:34.040Z,2023-05-22T07:21:42.779Z
gu7TDxCLUkuo9HBh6jKplxLRMuv21Abj,Bumetanide,120,QD,2023-03-17T04:21:02.860Z,2023-08-08T01:19:48.248Z
uhXEsZUZ2gjdV7hgucZiItcutCN8OkrK,Furosemide,50,QD,2023-07-20T00:46:19.567Z,2023-02-26T16:16:34.122Z
0yQC7Dt0MdylvJPXx6ept70ICNOeBVtS,Torsemide,20,QD,2023-01-22T11:32:28.407Z,2023-05-29T03:15:09.579Z
3rGmSBaGL6ZKkT40OHvbu3NyxsfatyVm,Torsemide,20,QD,2023-02-08T21:19:12.226Z,2023-11-25T19:37:45.621Z
jbI4GSGehJtjU3ZcY0Cy1gdVGYH0gAsV,Bumetanide,40,QD,2023-12-07T15:41:00.972Z,2023-10-13T00:13:06.499Z
Ne6R8EdQX0Uy1Lmqu4HT6LBzdhDprAt5,Furosemide,20,BID,2023-12-27T08:23:44.035Z,2023-10-24T21:01:58.106Z
HAL5AnybUOl7j799SOpyvs8hDkGUzKq8,Bumetanide,80,BID,2023-03-25T01:13:30.752Z,2023-08-21T06:39:23.940Z
T4ftOOagpvOBzyUfXDO89IHLPD0VokgQ,Bumetanide,120,BID,2023-02-08T20:36:05.228Z,2023-11-14T17:01:28.905Z
DltagYMCjHOOrDiJuMK9yfi8NyLCB95r,Furosemide,50,BID,2023-06-24T10:00:23.172Z,2023-05-04T04:36:53.846Z
hXZnxov5njLsHkOkh8gTBGdjyeeDn7ml,Furosemide,120,QD,2023-02-16T05:52:46.230Z,2023-06-14T12:40:28.196Z
XVDhgZvP7ULkQYSmsPVaG3XB2VPr6HQd,Furosemide,120,QD,2023-06-03T20:28:04.856Z,2023-11-19T20:56:09.077Z
LTiL0zhvs1xkan8Ghgxq18KoThCUs1VZ,Furosemide,20,QD,2023-11-21T15:55:55.965Z,2023-12-09T13:12:08.606Z
ucMYIFPkpsev1I8mNp97MhE3EgnVdTzs,Furosemide,20,BID,2023-01-15T08:31:48.125Z,2023-04-29T20:49:11.967Z
ZbGYt0vLhUPTa4FazfQlMFj4M9JO07zF,Torsemide,50,QD,2023-09-18T12:52:52.534Z,2023-09-22T08:45:42.802Z
lTsxXQ18hiuZCsbbGsRozd8MNdO0FXmd,Torsemide,20,BID,2023-01-03T01:08:07.915Z,2023-02-11T19:42:53.199Z
cHeroZbPsbVnVF3RD3drB72BjnMpPaxH,Furosemide,120,BID,2023-02-27T08:49:42.975Z,2023-03-19T20:59:23.915Z
YIST9dkZkrV8xhXGR67Tuk4Yt8Jf1VrQ,Furosemide,100,QD,2023-03-20T21:18:36.152Z,2023-08-16T08:31:26.143Z
ukkMEtbMHe1HrJnDoDx5tUy9YpUijbVv,Bumetanide,80,QD,2023-05-01T21:17:20.207Z,2023-01-13T11:06:28.596Z
KmniMJvTJDb031uoYx1Gg3GrzmNq0Pux,Spironolactone,25,BID,2023-12-07T20:34:01.601Z,2023-05-23T19:52:28.229Z
vAcNcsEEBDjAo7q5IVIT9f7v4RVsUaYq,Spironolactone,250,BID,2023-07-24T14:22:43.327Z,2023-04-10T19:17:00.059Z
rleFu939xh4mcG3qDRbm9YFq36z1Ad2J,Eplerenone,25,BID,2023-08-29T05:20:13.091Z,2023-07-07T05:39:40.870Z
HI4LvKxEjDnX16g2MSOjCflh2eXDAt7f,Spironolactone,150,BID,2023-11-21T06:21:26.729Z,2023-10-19T02:45:37.759Z
dI9ec4D5NIMGKIO3XY0nkBANnL4Kutmk,Eplerenone,100,BID,2023-11-14T11:29:56.973Z,2023-06-08T06:09:13.884Z
gOXeKSBX2oJ0Dh37lCqVDom9czUOiNpE,Eplerenone,50,BID,2023-04-20T19:16:44.755Z,2023-04-08T16:44:39.065Z
Dkr5DPKp4qlk72jsBsHJKcCxaY705ZzA,Spironolactone,300,BID,2023-12-28T16:43:55.004Z,2023-05-23T11:59:08.116Z
VRG9MND4otjdX1q0ElcyJ2ZlFslBQM9I,Spironolactone,25,QD,2023-10-17T05:14:49.695Z,2023-10-10T10:21:44.933Z
sk30OY6jc1tiNbOxqeUdrxcUqYk86L05,Eplerenone,400,QD,2023-02-16T12:46:29.875Z,2023-12-21T14:55:20.009Z
LvvaqUyGctd2fJtJ9FRPXguABfcV2I0E,Eplerenone,325,BID,2023-07-08T13:39:44.619Z,2023-06-13T13:58:46.190Z
lctSnu2r0G8tZD2NtfKgDiy23855XCeU,Spironolactone,25,QD,2023-07-30T15:16:12.688Z,2023-01-17T07:19:38.157Z
EhR3F5fDAIq8p4Z93f3PebS4y36Rjdc6,Spironolactone,75,QD,2023-03-07T23:03:19.827Z,2023-08-26T09:38:54.185Z
YKtn7czpqM8DuTLOTlBFKX2gIkXmEmBu,Eplerenone,50,BID,2023-11-03T05:14:46.146Z,2023-01-20T23:18:46.894Z
XQSPyOMvFeaqvRxhKolk2ILiVi3jDtoz,Spironolactone,350,QD,2023-12-24T13:40:56.958Z,2023-09-13T15:56:54.183Z
xr62Q0pBO3cYmohLGKILdqkPuuCXa15N,Spironolactone,50,QD,2023-01-18T01:43:07.364Z,2023-03-08T01:22:19.034Z
XD7UuqCfyD5uHZ8mKpKHd2cq2a32Ag5t,Spironolactone,225,BID,2023-12-19T04:05:08.354Z,2023-04-22T06:09:23.662Z
cssJhjmbzAm3oTV28A5v7pH2KkcpZyVZ,Spironolactone,200,BID,2023-06-28T23:03:01.114Z,2023-05-12T08:40:26.898Z
iadknjOA8AaAU4PvO2sFh7IgMdq2UaIl,Spironolactone,125,BID,2023-01-22T01:56:06.946Z,2023-08-14T03:26:55.405Z
VeNDdah8l9GnmHNzHdQDcDpCBAjjMsUY,Spironolactone,350,BID,2023-02-10T06:19:51.873Z,2023-06-21T22:41:49.323Z
dFvciEPjQBOfefdLsODM61IPmXxLfZDI,Spironolactone,50,BID,2023-04-22T21:28:23.201Z,2023-09-13T13:40:45.846Z
RRknV0j7Yqc1ccLyzg4d6P4PGo39RjsF,Eplerenone,175,BID,2023-04-14T09:48:42.378Z,2023-10-27T20:58:52.233Z
j0pxJavMoCyj1revEiETrjX4kCBt8Q8B,Eplerenone,225,QD,2023-04-28T22:47:03.539Z,2023-02-03T16:33:06.561Z
JCtdHpOuoYk9s2P0lDgVavrAOYMJUHAq,Spironolactone,125,BID,2023-05-29T14:34:46.959Z,2023-11-03T05:14:28.949Z
ylGPvzRxGJ6u6XofngPtUxj9YSJFgc8c,Eplerenone,250,QD,2023-03-23T14:41:50.539Z,2023-12-08T10:48:26.472Z
zni9k7yMTyYnf39SIzevzbuRqcPedEMa,Eplerenone,75,BID,2023-04-07T04:15:40.318Z,2023-04-14T17:21:12.250Z
v06G5bOUgIztz00x60etEEPfhF8uQ0cP,Spironolactone,125,QD,2023-01-13T11:56:42.882Z,2023-06-15T03:39:23.626Z
QmeDoUQeYnKa42hldoKpZ8Xp1GeftbaK,Eplerenone,50,BID,2023-04-19T05:13:43.822Z,2023-04-04T11:40:13.510Z
NKI7SLTCyHop9X6G24otSEoRP0AUnIvy,Eplerenone,50,QD,2023-12-26T12:26:47.958Z,2023-08-10T22:30:41.654Z
fQbJy425n5Z23gkzVgQUpQIiY4dAnnZU,Eplerenone,25,BID,2023-06-08T02:53:41.026Z,2023-02-04T15:09:43.632Z
047LiGdL3za5jURAuBbQoDXqrR0YpsyO,Eplerenone,75,BID,2023-10-26T12:31:02.411Z,2023-11-08T13:09:37.554Z
5zIJV1oD48CdN9ANe7gJa3do5D9iqOPu,Eplerenone,175,QD,2023-12-25T00:26:56.177Z,2023-07-25T12:52:19.879Z
RVVbG1APb2lMYjkykAxspLr4ZksIFN95,Spironolactone,50,QD,2023-03-08T00:45:14.195Z,2023-05-18T03:24:35.399Z
SZPyPHJtbbSM4yy31lXcYkVDE6gzABOO,Eplerenone,275,QD,2023-06-01T20:57:15.820Z,2023-07-06T18:49:42.253Z
hgk6DJYiydob8QqsI8yMOthTLCxudfXI,Spironolactone,25,BID,2023-01-05T22:29:32.892Z,2023-01-18T15:45:45.504Z
OzFHE8GD0mbgR5bvTU5sgMIkFSpksRCu,Spironolactone,350,BID,2023-08-29T08:21:53.508Z,2023-02-12T19:05:23.682Z
eqPVeKPpue2MfSnuQrAOErdu3Lz8iiOI,Eplerenone,250,QD,2023-06-13T17:56:03.158Z,2023-01-03T09:54:17.926Z
uzXBPBYfp9sacLRtEVYoauXiYZ1tkiz0,Eplerenone,75,QD,2023-01-18T04:08:28.898Z,2023-06-13T17:44:51.594Z
sC3TtbSN8qyAhCG3ps06n80RmBJfh0xH,Spironolactone,25,QD,2023-05-26T11:44:35.372Z,2023-12-08T06:17:45.011Z
JKAmG20rT7uaVJCVYpoMmly43Z6tcg9d,Eplerenone,75,BID,2023-01-30T17:50:28.243Z,2023-06-12T04:40:34.129Z
HYHT0AzxIoh5pq3meXRXR6IV72hj3Rcc,Spironolactone,375,QD,2023-12-24T23:13:23.804Z,2023-10-17T17:03:36.322Z
BjlbYHE9XDc0zEp0x5eXieIj7G2X6XZO,Spironolactone,150,QD,2023-12-09T15:00:51.060Z,2023-03-05T15:35:16.322Z
LjqO1ilQ1T9RqmMgzCgdBxGa1dkeE1rx,Eplerenone,125,BID,2023-07-27T01:01:51.954Z,2023-03-30T02:11:32.106Z
v7nPZLMuT94ku7bJyzgVo3GzbjQdcb06,Eplerenone,175,BID,2023-04-16T21:29:13.177Z,2023-06-30T18:53:59.085Z
allQxcIn5PrJHf4Gs67B02mJ8CofBFoz,Eplerenone,300,BID,2023-04-28T12:35:40.824Z,2023-12-21T07:22:59.442Z
bcM4cbjUf1fcTK2dVHDvQRgV6uCRjeeM,Eplerenone,100,BID,2023-02-25T20:16:31.891Z,2023-07-02T15:46:38.098Z
YMbPCJEBkkJk6EsAf8ZNUI3hDGXUFlA7,Eplerenone,125,QD,2023-06-10T15:59:51.100Z,2023-08-24T14:29:17.427Z
CDz7MEAHxxnSBrcDcgrQdSCmFy82OgVB,Eplerenone,225,QD,2023-01-14T13:36:28.422Z,2023-07-13T11:07:27.552Z
M7LLyBuAGO93LEcmH7HIeb4807f0bg6S,Spironolactone,225,BID,2023-04-26T11:54:02.197Z,2023-01-15T22:41:22.086Z
olyYDgxLjTFZzOKkr7SNjcM3BfPPxgZC,Spironolactone,25,BID,2023-12-15T00:29:26.294Z,2023-12-13T17:49:16.824Z
8CQYKeODyFjY6GqaADHPGCELQBZSM4dk,Eplerenone,250,BID,2023-11-24T13:28:25.045Z,2023-08-16T00:16:35.447Z
XCoFchQzT9P8sZdGf9oOiFmz0eYiaiEX,Eplerenone,250,QD,2023-12-06T19:57:42.051Z,2023-12-09T06:03:53.542Z
uIvIInz6tdC0axUvRjoCgF779fr3f5tc,Spironolactone,25,QD,2023-01-23T10:23:37.970Z,2023-04-04T22:45:54.581Z
762zokXxOAmFQQ2iSSE4ofjVfjiXx1Uo,Spironolactone,225,BID,2023-07-17T14:38:00.472Z,2023-11-30T03:46:47.054Z
8tlNdeauutgE1g9ydevTNBX61uNTLhqs,Spironolactone,75,BID,2023-08-12T10:47:53.267Z,2023-10-03T00:47:29.477Z
Ac4kHGtXoTUvQoaaFjOZH8NyGGLrX0ze,Spironolactone,175,BID,2023-02-21T13:51:33.045Z,2023-05-17T00:30:34.939Z
0QrsQNjIHJ2zbOdDDvs2iqAyPIz86kzD,Eplerenone,325,BID,2023-11-10T09:32:46.614Z,2023-08-31T03:38:42.235Z
nkjKyq0BNSphntSqdVvqKZ7ndHvFt3SU,Spironolactone,75,BID,2023-05-10T17:38:21.577Z,2023-06-05T12:18:21.259Z
3j1zIVhO65h9OMMH5lgtMBfBHeUHMFlT,Eplerenone,25,BID,2023-06-10T10:08:08.115Z,2023-09-07T04:14:31.660Z
8PNLJjBflP3y6tVy6BLYmkhyAfSvX4jV,Eplerenone,400,QD,2023-12-01T15:06:17.589Z,2023-03-28T02:37:37.020Z
csKnue4dALi9hYMzSD7u7UGS12YfjJZd,Spironolactone,325,BID,2023-12-05T23:50:53.981Z,2023-06-21T06:05:02.067Z
RqysY0u5rpSmgFyZaMjy9SmAf05A62yo,Spironolactone,150,QD,2023-02-08T08:09:48.252Z,2023-02-23T10:59:29.366Z
IoRiVZHT4tAtV3JFkXUoegMPrCoAzRGA,Eplerenone,300,QD,2023-12-03T20:33:30.059Z,2023-10-19T02:05:27.274Z
HQg1BdSAYhVUUAFFJcIHRhmMhV486ZZ7,Eplerenone,175,BID,2023-08-13T13:56:59.199Z,2023-08-09T21:22:35.879Z
6xFxCi56UfoijX6tSraz1alC1V50REy3,Eplerenone,375,BID,2023-05-25T13:06:00.788Z,2023-03-30T10:45:03.959Z
Sa7MKD8F1sl4md6xYOtbj0EiGr8zIdfd,Eplerenone,225,QD,2023-06-19T15:09:46.923Z,2023-10-02T03:33:26.552Z
qeONlEd0CLNNlQ5vKAI4gBu8CXukCh8z,Spironolactone,25,BID,2023-04-01T09:08:35.426Z,2023-05-16T13:42:58.060Z
RYe2rspashpQZ2IVGEB2rQEd7CvQGFZp,Spironolactone,250,QD,2023-04-05T22:55:32.239Z,2023-01-17T16:47:09.716Z
rXlPPgFGfH315RZSnS0RzteJqxEpN1z6,Eplerenone,50,QD,2023-01-10T05:17:05.773Z,2023-05-21T20:42:29.049Z
9cCLsAZAAo83muDHDcvuDexBHEpuTDOg,Spironolactone,325,BID,2023-09-10T00:04:14.717Z,2023-06-20T01:26:29.319Z
TrRp0taAm46reRX2EvIKNzjdfYJU7YK5,Spironolactone,75,BID,2023-07-17T15:47:01.204Z,2023-03-17T23:50:49.937Z
uMc1OptmcThzfRDuN9bz2j4laTOCVGLa,Dapagliflozin,15,QD,2023-01-17T04:51:44.417Z,2023-12-11T14:55:59.918Z
dkDXaG2YXRcQHgjRy798KJajH6rQEXsa,Dapagliflozin,25,QD,2023-04-25T08:19:06.151Z,2023-11-08T19:24:24.298Z
lAm2clIEU7bANmY8ol3BHvFyNjYRGUxr,Dapagliflozin,15,QD,2023-02-07T19:07:54.401Z,2023-02-22T06:51:17.894Z
9Exgu4QlI9pBfGSkjIVrHPJRKRQVYhyF,Empagliflozin,15,BID,2023-11-07T20:42:05.850Z,2023-03-17T21:14:04.332Z
c6nPMnLPS0XMVKRbx3ud2ijxez1QGFcl,Empagliflozin,10,BID,2023-06-10T15:58:50.884Z,2023-09-18T01:39:18.115Z
Na7s3E5QXBp5uryFo1G5Auin4BFFo4gd,Dapagliflozin,15,QD,2023-11-26T09:25:19.388Z,2023-11-14T00:52:50.447Z
zhkRGNGPHaFyVnV6Pbik13dZFxcoIyDO,Empagliflozin,15,QD,2023-02-10T18:35:11.260Z,2023-02-01T01:32:47.209Z
1qecZ3T0yPq77tujpiNo8eKqyMQfXb9E,Dapagliflozin,10,QD,2023-12-16T02:08:42.870Z,2023-06-12T15:58:40.825Z
lnDYDuy4NSJK2tlvKsCPFMoFPY68H65v,Empagliflozin,20,QD,2023-04-30T07:25:39.839Z,2023-10-01T09:28:37.513Z
pljd4lLu8Lfk2q8RcPSEYI1u0vSMyS3E,Dapagliflozin,15,BID,2023-03-28T13:58:11.116Z,2023-07-04T13:01:57.446Z
L1vkIVgDM00kNveJQZaRJX7ZrPP9XjlF,Dapagliflozin,10,QD,2023-06-22T13:36:13.113Z,2023-08-07T18:44:14.112Z
41FzHAKahL6ePokteqL1hB3ecxtxMD0n,Empagliflozin,25,QD,2023-01-02T11:01:27.413Z,2023-03-15T23:48:59.144Z
YEQQxOdlcvnuL25Xb63p7y9caVDMUg1Y,Empagliflozin,15,BID,2023-01-10T17:39:01.145Z,2023-07-13T10:27:35.148Z
Gc0IDmUk8HSUe3v5Q45dMgkHnJFQ5HOs,Dapagliflozin,25,QD,2023-07-13T03:52:54.777Z,2023-04-14T08:37:25.915Z
T3xarSYIxplvaeclhPtYOaKoFX605O2s,Empagliflozin,15,QD,2023-10-15T11:47:01.364Z,2023-06-08T23:09:03.935Z
5yg1djF0DtxqK3ftIQZqtBJcY8TiBNiq,Empagliflozin,15,BID,2023-04-30T05:54:14.920Z,2023-10-20T13:37:00.147Z
LouBj346LUlmHkyXoc25XAm5lAQMbbbv,Empagliflozin,15,QD,2023-01-22T22:26:59.842Z,2023-04-09T17:56:44.359Z
ngGrUY4qeijcRGyz5AEFQMqCpdYpMNEq,Empagliflozin,15,QD,2023-09-06T21:21:25.879Z,2023-01-07T00:35:54.387Z
12AZr0V4KnTl6I0TjrA3VRgZOZzNVptr,Empagliflozin,20,BID,2023-10-24T06:11:47.443Z,2024-01-06T23:35:26.498Z
VjHh3Vlr8DsGAapOaGyZCRiYE49RdkHO,Dapagliflozin,20,QD,2023-06-28T20:22:33.975Z,2023-01-03T01:46:47.808Z
Eg9NyptNS8i2zD4VCSZlU6KypT2XupAI,Empagliflozin,10,QD,2023-08-30T14:56:11.963Z,2023-06-11T16:25:49.149Z
3H1AN4EPr4S9NR4hs0JyBUNbxkqKEJqq,Dapagliflozin,15,BID,2023-03-22T16:45:17.853Z,2023-04-11T17:23:37.020Z
0Cl3DoomGKf0ZLIzfLUUCTROlqaTlqN0,Empagliflozin,10,BID,2023-10-16T13:01:03.897Z,2023-11-23T03:51:07.809Z
Z2ZLSzS4r3siAQtTRNFI5QB6NbPSfZqT,Empagliflozin,25,QD,2023-10-05T05:09:13.712Z,2023-01-14T10:29:08.955Z
zxzTJEZ6V8d0kAgJbirj2tvkMRZDpLrB,Empagliflozin,20,BID,2023-03-02T20:38:32.892Z,2023-06-29T15:48:00.880Z
P7fKOLbFFcYaj5nFFkC95yDFd0s2LS10,Dapagliflozin,10,QD,2023-12-29T01:00:28.900Z,2023-06-09T23:23:51.611Z
oi3OmMZSVdtEBVjG1pHzSfR2x4o6rc8y,Dapagliflozin,20,BID,2023-01-22T06:14:48.303Z,2023-12-15T05:56:00.540Z
FzYYQV8BoJj6Vk1xV8kH1KjIlRuEVIDO,Empagliflozin,10,BID,2023-05-21T20:58:18.532Z,2023-01-16T01:07:09.086Z
HbSis0V40IfGu8XliQ44ZEKcNHChV0Th,Dapagliflozin,15,BID,2023-05-18T16:26:08.676Z,2023-06-17T01:29:11.531Z
1mLgMZijAxyyn02sylXUvY4JSKF5lpTX,Dapagliflozin,10,BID,2023-03-30T04:14:24.153Z,2023-12-17T06:41:00.072Z