id,name
21PfFdhhjYoPY6FFuJcE4CBZicEOUuVp,Reos
sOnLglsE4gtQIcqvfSs3ZYLAQ1T9JgeU,Lomarel
8MTUZ5qyHFhBo1IG9IBa6H6EDrf95okn,Fiyn
1uq7hbm21hZ3MYaKN6c8HVmHV7caSuuT,Tiloria
eLzHoE8PHCB0SYuPviAcxnZFUOslLuSk,Xazinen
YasRv1y3Acj0jFhxSrF5fds9X0oxJuYV,Tidenia
6cpRDcSqsKt6rVxL7mfNmQQLEQftmRlM,Mayn
CgnKcLmz0BsTnisC6Q38YdLutbd1X7Cs,Loen
t3jicsqAAExNACNm2uJ4U5YU9y0p1rRo,Tior
H2G9EShXASfDCcIxoTCx4NBhSSd4LYo9,Kamaror
PuSHQ6EmSJ1OMpa3rOAqtgyqEgN4zQrL,Kamaris
cio6A5Rru1cUVr5oQ8MAJhCGUCnL8AZd,Reen
thke31Fpn0ILH9qGjybPu3m7bYE55MrV,Bavexon
bcVGdgjza06MUKyjlffPsaPBla9zeCqN,Bamonyn
jcK2fiSoZI11k782EpGmvgXkKOBvuHix,Badenos
xR3Jf9IkI7uElQxedE1Jc2ufrUbobvrL,Xaor
QS54bTaTcSTCt5m7NkQC61vCVOSKM9qq,Kamonen
7Qi00F7nNVYJMHgqiB3nFv8FlSbaKtdP,Xaquixor
XkcGHEvH7dYy6fCE3kazLELkk1MBA84D,Fiquixon
7I47Il60liKu69oK9VBqtqLL2V7DhiBe,Kaa
TonSVLEZvZPUQ5oOKXJ2zhKi1zCUuZJ4,Reor
lXChBlfx50QHu48vXT1eohrVLIytvvaY,Loloror
heHCtc9bnP3TKCbmeATN1O9E6rq3ac0V,Loos
O73LtAa29PADd9hijPeU3tY8dtEx950Y,Lois
lc1ErFe55M66ECjK9L45O8pmnB24oAc6,Naos
VtftJcI5LEA1VNQukH87mv49jcIZfzy1,Natheen
vOgIC8mrjAvQhDnmMtliBMqfxuEHEuY5,Sayn
EuN9KZezuBJ7rl0nJ6OKglb0gCoefreZ,Mael
y2DNoltlTUMjZnKHXf7yES9FIJcvv98C,Maquixen
vE5b7g0oUmfIjRyTUf1BvFong4MykS1l,Fimonia
GK8FiJHBSVMNbohiEVcAT0FMIvSbTX9P,Kadenos
KOxYnPEexqrqieeSAnZigFLIeoyQztCX,Navexia
lvKkGSDoQ2rl6lk2mYzHnSgGc5p99yn0,Bamaror
AqBvGB3yOFMKLLkoYh0EuamPyzglMDdx,Retheyn
vgcNCYfHOc0ieY65tXI0Oh7bMp9kUi5m,Maranos
rrdUrCnZUXQNIVEjaRUHyZ6N8hn7fY7r,Juus
LCSGidBviMhXl6SLNxG3b8j484nn4xlb,Juis
Q8cqnpzpLj5ZqqfiIXaNI5MUgq5GYsTX,Naos
v0TcCtmnguxve5dEmxrfti8IxrufcH22,Saferia
M2nvSXAc7a6zfF1jSjMcGCLIZRoij8ck,Maos